Process1,384,886,0,2,109,272
Process2,387,492,0,0,69,212
Process3,691,59,2,1,2,26
Process4,173,736,2,-1,72,142
Process5,783,1530,2,2,83,641
Process6,930,4802,0,1,1236,2040
Process7,394,3456,1,1,1510,1054
Process8,422,4919,2,0,1517,925
Process9,316,4370,2,1,1187,766
Process10,957,1873,2,1,293,50
Process11,306,925,2,2,249,384
Process12,847,1729,1,0,829,712
Process13,583,545,2,2,11,253
Process14,44,3750,1,-1,1027,1554
Process15,789,3584,0,2,51,688
Process16,933,60,2,-1,20,23
Process17,227,3586,0,2,163,829
Process18,435,378,2,0,78,147
Process19,318,492,1,-1,14,69
Process20,287,4441,0,0,1925,360
Process21,441,4729,0,0,622,2184
Process22,482,675,0,2,90,333
Process23,498,2353,0,0,779,660
Process24,220,3624,1,2,1485,894
Process25,504,19,0,-1,8,3
Process26,341,3149,0,2,841,1356
Process27,847,3451,1,2,1230,389
Process28,765,3228,1,1,356,341
Process29,35,2764,0,1,976,11
Process30,744,1491,2,0,235,407
Process31,433,2551,2,-1,351,1083
Process32,475,1121,2,2,190,278
Process33,236,3793,2,-1,976,1180
Process34,929,4529,2,-1,1708,364
Process35,614,4538,2,-1,176,520
Process36,129,688,0,0,262,253
Process37,325,2743,0,2,174,261
Process38,773,1725,1,1,568,534
Process39,955,4786,0,1,637,2256
Process40,198,4507,0,-1,942,1551
Process41,623,2828,2,2,1409,1241
Process42,341,422,2,1,38,166
Process43,662,3730,1,0,1536,1722
Process44,445,3626,0,0,958,1553
Process45,283,3258,2,0,160,321
Process46,601,2036,2,2,418,311
Process47,469,71,0,2,27,16
Process48,934,894,1,2,41,96
Process49,900,2996,0,0,1310,115
Process50,191,1095,2,1,58,363
Process51,91,2684,0,1,767,86
Process52,446,4756,1,1,240,469
Process53,349,2172,0,0,201,189
Process54,343,2587,0,0,746,337
Process55,322,1255,2,2,286,147
Process56,940,4811,2,2,121,1109
Process57,128,4150,0,1,1521,300
Process58,423,2269,2,0,529,345
Process59,293,1972,2,1,888,248
Process60,223,4299,1,1,898,2010
Process61,299,1190,0,1,550,47
Process62,820,4336,0,2,907,1957
Process63,380,4769,0,-1,723,1512
Process64,861,3142,2,-1,760,1068
Process65,622,4567,2,0,1295,1494
Process66,327,4259,1,1,1008,213
Process67,785,2021,0,-1,969,210
Process68,873,4908,0,1,1825,1291
Process69,754,1248,0,0,278,321
Process70,891,4754,1,1,674,1494
Process71,501,3046,0,0,1208,745
Process72,304,3033,0,0,798,401
Process73,687,4125,2,-1,1778,1667
Process74,158,3729,1,-1,1207,1258
Process75,461,1304,2,2,447,377
Process76,557,3902,2,0,785,923
Process77,40,2002,0,2,829,419
Process78,648,3538,1,2,764,12
Process79,340,1692,0,2,319,210
Process80,50,964,2,0,174,302
Process81,178,2900,1,2,1250,540
Process82,368,2988,0,2,156,1129
Process83,830,3390,0,-1,892,910
Process84,827,4232,2,1,93,338
Process85,24,1761,0,0,71,866
Process86,997,1367,2,1,361,404
Process87,525,1057,2,-1,46,423
Process88,313,2386,1,1,551,840
Process89,917,1552,0,0,19,115
Process90,648,1970,0,-1,952,74
Process91,858,3627,2,1,417,1584
Process92,513,90,0,2,6,35
Process93,190,2274,2,0,438,202
Process94,988,2888,1,1,87,593
Process95,857,417,0,-1,138,78
Process96,206,3059,2,1,741,716
Process97,874,3458,2,0,700,1144
Process98,608,478,0,1,87,115
Process99,101,3459,2,1,502,1163
Process100,75,1233,1,0,278,367
Process101,271,699,1,2,116,71
Process102,623,3794,1,2,989,289
Process103,683,4390,2,2,603,1786
Process104,522,1157,1,2,284,542
Process105,232,21,2,-1,5,1
Process106,99,325,1,-1,83,53
Process107,232,1139,2,-1,399,274
Process108,219,4021,0,1,1313,790
Process109,978,2685,2,-1,21,848
Process110,208,4759,0,-1,1732,1939
Process111,128,3950,2,-1,1544,806
Process112,564,49,2,2,6,15
Process113,292,2375,2,1,683,853
Process114,994,4918,0,1,2377,64
Process115,718,4030,0,1,1757,1049
Process116,487,253,2,1,3,52
Process117,180,3377,0,2,433,1296
Process118,711,1732,0,0,227,514
Process119,138,691,1,2,329,234
Process120,926,4291,2,1,233,1267
Process121,964,55,1,1,19,16
Process122,572,2661,0,0,1270,464
Process123,605,1851,2,1,819,704
Process124,486,4006,0,2,996,1840
Process125,968,226,1,0,59,79
Process126,866,2560,2,2,1051,239
Process127,212,1342,2,-1,45,282
Process128,271,4984,1,2,291,1177
Process129,284,72,1,1,12,35
Process130,951,2030,1,1,310,928
Process131,48,1924,0,2,611,5
Process132,955,443,2,1,120,3
Process133,160,262,0,2,104,36
Process134,724,3324,1,1,1003,910
Process135,822,2457,0,2,4,709
Process136,270,218,2,2,26,16
Process137,908,3959,0,1,1687,1586
Process138,85,1308,0,1,652,295
Process139,899,2715,0,2,710,556
Process140,507,4010,1,-1,190,895
Process141,1,3378,2,0,513,548
Process142,339,989,0,2,414,336
Process143,788,2231,2,1,747,481
Process144,851,179,2,1,21,30
Process145,814,2857,2,0,1394,1024
Process146,721,2433,2,0,336,696
Process147,297,3825,1,1,1277,672
Process148,298,32,0,0,11,15
Process149,58,4708,0,2,639,1496
Process150,484,776,1,0,118,84
Process151,933,3382,0,1,792,398
Process152,683,4211,1,1,706,706
Process153,991,4583,0,-1,1984,1917
Process154,893,2525,0,2,672,1259
Process155,137,1360,2,2,138,169
Process156,583,1621,0,2,779,336
Process157,816,4570,0,0,944,2233
Process158,784,2350,0,0,328,852
Process159,270,2071,0,0,261,139
Process160,640,3398,0,1,1218,432
Process161,891,3976,1,-1,1712,188
Process162,778,99,0,1,43,44
Process163,642,2735,0,1,23,240
Process164,777,805,1,-1,45,377
Process165,309,4593,1,0,764,2177
Process166,775,1445,2,0,546,598
Process167,413,1127,0,0,469,39
Process168,440,2334,0,2,1011,247
Process169,355,1761,2,-1,502,277
Process170,853,1850,2,1,375,293
Process171,155,1173,0,1,156,333
Process172,791,3263,1,-1,1032,620
Process173,860,3828,0,-1,976,1059
Process174,591,3341,0,-1,1066,352
Process175,70,4517,2,2,1320,1563
Process176,301,1506,0,2,319,490
Process177,33,4154,2,2,1768,1254
Process178,413,2538,2,-1,3,876
Process179,845,2760,2,1,6,835
Process180,327,3886,2,2,348,854
Process181,153,2621,1,1,350,230
Process182,632,4673,2,2,1525,1496
Process183,878,4313,2,1,526,1784
Process184,156,2793,1,-1,285,1022
Process185,824,3286,0,1,824,223
Process186,246,2181,2,1,294,311
Process187,101,4954,0,-1,296,450
Process188,660,3919,2,-1,964,1425
Process189,552,4976,1,2,1166,1296
Process190,305,1956,1,2,697,960
Process191,968,1912,2,0,207,829
Process192,132,2,2,2,1,0
Process193,184,2377,1,-1,878,1026
Process194,63,1125,2,0,521,455
Process195,142,3153,2,1,85,154
Process196,486,948,1,1,358,396
Process197,899,2160,2,-1,80,721
Process198,642,3902,1,-1,1640,361
Process199,790,4140,2,2,879,1118
Process200,494,431,0,-1,6,191
Process201,614,4391,0,1,222,553
Process202,830,2671,0,2,886,155
Process203,25,2088,0,1,858,169
Process204,970,710,2,1,154,339
Process205,588,2279,2,0,744,229
Process206,340,2464,0,1,663,1036
Process207,350,4915,0,0,1687,375
Process208,134,4387,2,2,504,1239
Process209,520,1742,1,-1,692,80
Process210,260,2063,1,0,218,75
Process211,706,404,0,2,125,152
Process212,316,435,1,0,199,4
Process213,488,4802,1,1,1316,905
Process214,206,960,2,2,158,390
Process215,404,3816,0,0,339,1730
Process216,444,1579,0,-1,753,553
Process217,701,4045,2,2,1990,808
Process218,590,1386,1,1,114,685
Process219,37,3506,1,-1,772,1240
Process220,922,3820,0,1,1005,675
Process221,124,3437,2,-1,774,511
Process222,932,4017,2,0,1165,737
Process223,70,1745,2,1,476,160
Process224,570,559,2,-1,93,42
Process225,341,3925,2,-1,188,10
Process226,528,3566,0,-1,26,1537
Process227,125,3333,1,1,1242,173
Process228,795,568,1,0,127,8
Process229,438,4263,1,1,1993,1508
Process230,514,1631,0,0,710,172
Process231,347,4683,1,0,1596,137
Process232,422,3972,1,1,277,416
Process233,357,952,0,-1,111,440
Process234,112,883,0,0,312,108
Process235,217,2339,1,-1,328,870
Process236,268,4294,2,0,778,1858
Process237,651,3292,2,-1,1460,423
Process238,954,635,0,1,56,7
Process239,938,570,0,-1,120,267
Process240,84,4800,2,0,897,1241
Process241,940,2763,0,-1,330,541
Process242,165,4523,1,0,1873,323
Process243,340,1704,1,1,243,726
Process244,80,4591,2,2,2205,1367
Process245,562,4919,1,0,1476,636
Process246,495,4819,2,0,1460,1617
Process247,188,2639,0,1,821,5
Process248,321,4680,1,1,2139,2033
Process249,464,4098,2,1,701,1340
Process250,143,1066,1,0,92,249
Process251,854,1966,0,-1,412,372
Process252,517,1086,0,2,117,30
Process253,554,1197,2,2,534,518
Process254,108,3498,2,1,138,1628
Process255,335,3,0,-1,1,0
Process256,764,3633,1,-1,1030,447
Process257,186,897,2,0,361,90
Process258,350,1313,1,1,557,91
Process259,586,3775,2,1,84,1157
Process260,893,1616,1,0,609,698
Process261,367,1515,0,0,172,375
Process262,848,4613,2,-1,791,2231
Process263,630,763,1,-1,346,273
Process264,776,1982,1,-1,209,194
Process265,519,2565,2,2,7,1001
Process266,909,4853,1,2,2311,1867
Process267,433,1534,1,1,189,609
Process268,597,815,2,-1,224,376
Process269,466,4451,0,0,844,1288
Process270,188,861,1,0,291,359
Process271,880,3620,0,0,1575,1109
Process272,136,2708,0,1,19,1349
Process273,164,2466,0,-1,533,825
Process274,235,3332,1,1,852,398
Process275,340,2880,1,0,734,1015
Process276,383,444,2,2,25,76
Process277,952,873,2,0,317,390
Process278,814,4683,2,0,1435,1778
Process279,465,769,2,2,1,176
Process280,741,3411,0,2,203,277
Process281,794,3439,0,-1,549,2
Process282,372,3418,0,1,1153,1658
Process283,568,4697,2,2,735,836
Process284,434,490,0,-1,75,80
Process285,524,1690,2,2,450,420
Process286,336,1422,2,-1,436,24
Process287,340,1766,0,-1,672,628
Process288,53,220,1,-1,8,104
Process289,541,3721,1,0,1766,1308
Process290,879,2728,2,1,1004,563
Process291,521,4563,1,-1,1954,2172
Process292,268,3223,2,-1,1490,559
Process293,554,2563,1,1,434,659
Process294,199,2660,2,-1,620,734
Process295,504,4887,1,0,983,447
Process296,824,1929,2,-1,255,801
Process297,13,4209,1,2,199,1959
Process298,135,3759,2,1,1058,1289
Process299,639,3171,0,1,1060,1273
Process300,485,2755,0,1,93,123
Process301,924,2603,2,-1,266,933
Process302,953,12,2,2,6,1
Process303,526,2894,2,1,213,1201
Process304,561,2626,0,0,947,930
Process305,749,3421,1,0,1494,1
Process306,833,2786,0,0,554,480
Process307,128,4410,0,2,345,1984
Process308,342,3446,1,1,1490,1659
Process309,902,3165,0,2,579,1307
Process310,733,1238,2,0,68,489
Process311,458,3832,2,0,922,832
Process312,170,2497,1,1,649,932
Process313,19,2470,0,-1,866,108
Process314,755,2533,0,2,939,959
Process315,22,1485,1,-1,305,177
Process316,635,647,2,2,212,205
Process317,143,1630,0,2,166,126
Process318,555,538,1,-1,124,248
Process319,35,2685,1,1,1263,543
Process320,645,2802,2,-1,104,1130
Process321,926,1157,1,1,441,57
Process322,297,3986,0,-1,346,124
Process323,513,1956,0,1,21,719
Process324,429,3482,0,-1,188,1078
Process325,798,220,0,1,86,95
Process326,783,282,2,0,26,61
Process327,418,1884,1,2,407,675
Process328,351,3236,0,-1,85,897
Process329,165,1023,0,0,209,146
Process330,411,1260,0,1,376,148
Process331,917,1089,1,2,375,194
Process332,807,375,1,2,133,175
Process333,266,2377,1,-1,758,90
Process334,135,2833,2,2,1211,336
Process335,698,3316,1,2,1473,1248
Process336,987,3486,1,2,1669,1190
Process337,137,435,2,0,186,128
Process338,368,212,2,1,77,10
Process339,96,3674,0,2,1498,898
Process340,631,2851,2,1,641,523
Process341,162,2676,1,0,20,294
Process342,136,4931,2,-1,2141,338
Process343,901,1688,2,-1,115,234
Process344,115,3069,0,-1,283,1235
Process345,626,3682,0,1,654,70
Process346,950,1790,2,2,566,312
Process347,800,3447,2,1,556,1533
Process348,800,528,1,0,197,108
Process349,767,3990,2,1,1070,402
Process350,777,1384,0,0,563,461
Process351,685,539,1,2,43,116
Process352,782,1926,0,1,963,322
Process353,265,3579,0,0,819,809
Process354,770,2711,1,0,138,677
Process355,143,2034,2,0,447,547
Process356,266,1632,0,2,44,489
Process357,559,2601,1,-1,64,983
Process358,39,1227,2,-1,87,394
Process359,431,1554,2,2,445,19
Process360,496,1801,2,2,119,561
Process361,30,1335,2,2,447,64
Process362,8,4353,0,1,2082,2021
Process363,97,4551,2,1,2025,592
Process364,70,2481,2,1,210,575
Process365,370,2736,2,1,145,1207
Process366,296,733,0,2,83,238
Process367,252,2724,2,-1,45,118
Process368,194,834,1,0,119,317
Process369,395,2366,2,0,314,708
Process370,796,4826,0,2,629,1894
Process371,883,3155,2,-1,472,144
Process372,506,2946,2,2,668,200
Process373,791,3408,2,-1,978,1372
Process374,94,555,2,2,255,210
Process375,652,3291,2,2,1093,1249
Process376,276,3681,0,-1,1170,772
Process377,843,2834,2,-1,1173,478
Process378,665,2043,1,2,943,538
Process379,543,3256,2,-1,1340,69
Process380,259,3510,1,1,23,1706
Process381,295,1924,1,1,336,492
Process382,254,4319,2,2,1549,1420
Process383,720,4896,1,-1,1492,1923
Process384,730,1746,0,1,173,543
Process385,859,3852,2,1,363,1246
Process386,514,2344,0,0,804,748
Process387,659,4200,0,0,708,459
Process388,54,3179,2,-1,1559,258
Process389,303,904,0,-1,175,271
Process390,87,4485,1,1,486,1597
Process391,752,637,0,0,95,41
Process392,393,2069,1,2,799,573
Process393,382,1556,2,-1,563,653
Process394,952,1983,2,2,130,861
Process395,515,4861,1,-1,738,358
Process396,130,911,0,1,335,378
Process397,79,2137,1,1,141,69
Process398,187,4141,2,0,993,1076
Process399,640,4833,2,1,2069,2336
Process400,56,1310,1,0,219,110
Process401,247,412,2,0,163,29
Process402,951,1120,0,-1,231,270
Process403,57,737,0,0,155,341
Process404,459,554,0,1,99,58
Process405,282,3319,2,1,1014,1448
Process406,764,506,0,1,8,167
Process407,971,1701,1,2,280,729
Process408,13,186,1,2,89,83
Process409,980,4589,2,0,1666,1168
Process410,996,880,2,2,160,345
Process411,712,1114,2,1,477,20
Process412,633,107,0,0,15,2
Process413,442,2231,0,1,632,25
Process414,895,4617,1,2,1895,1171
Process415,338,3053,1,0,288,817
Process416,999,680,0,0,227,325
Process417,36,2638,2,2,132,917
Process418,710,545,2,-1,141,16
Process419,72,1002,0,1,115,457
Process420,990,4174,1,-1,1584,1985
Process421,971,2738,1,1,339,831
Process422,19,3766,0,1,1482,1133
Process423,285,959,0,0,29,478
Process424,925,1206,0,-1,163,572
Process425,848,3454,1,-1,1411,1122
Process426,258,2432,0,2,1135,4
Process427,300,2904,2,0,623,1384
Process428,785,2582,2,-1,22,879
Process429,869,2319,2,1,168,1081
Process430,254,875,1,2,273,326
Process431,270,3877,0,0,11,1676
Process432,233,2331,0,1,241,67
Process433,414,4956,2,-1,2119,1211
Process434,251,1448,1,1,191,389
Process435,805,4872,0,2,232,2164
Process436,194,3709,2,1,1301,1489
Process437,851,1355,0,1,218,97
Process438,149,1642,1,0,642,695
Process439,955,2508,1,1,524,180
Process440,471,3107,0,0,488,779
Process441,441,3271,2,-1,1577,842
Process442,817,2376,1,2,1147,163
Process443,60,3226,0,2,1239,536
Process444,968,4358,1,-1,2082,52
Process445,677,1230,1,2,412,558
Process446,243,4492,0,1,1273,1131
Process447,494,2949,2,1,87,1175
Process448,510,1387,0,1,539,349
Process449,650,2458,0,0,91,912
Process450,721,1174,2,1,149,296
Process451,740,4656,2,2,2076,447
Process452,258,1160,1,2,27,525
Process453,484,4055,2,0,1298,450
Process454,349,2683,0,-1,843,214
Process455,150,2937,0,2,76,1172
Process456,222,42,0,2,2,10
Process457,463,386,2,0,111,33
Process458,62,1728,0,0,255,755
Process459,960,3466,1,2,1408,1396
Process460,58,1335,0,1,123,363
Process461,418,2716,0,0,647,1127
Process462,524,1306,0,1,118,293
Process463,164,3817,1,2,279,1709
Process464,550,3893,2,1,729,598
Process465,905,913,0,1,401,300
Process466,5,361,1,0,127,9
Process467,328,2050,2,2,222,885
Process468,446,1311,0,-1,333,648
Process469,33,4552,2,2,1199,1970
Process470,561,250,1,-1,54,122
Process471,441,3557,2,-1,817,1190
Process472,149,3337,2,1,218,834
Process473,364,2074,1,1,545,38
Process474,255,4139,2,-1,618,703
Process475,778,4902,2,-1,839,2392
Process476,576,946,0,-1,164,88
Process477,624,1142,0,-1,518,527
Process478,150,4412,2,0,1039,1051
Process479,152,360,0,1,85,150
Process480,960,1902,0,1,204,266
Process481,168,2534,0,0,133,339
Process482,110,2669,2,2,96,248
Process483,71,3658,1,-1,84,456
Process484,565,986,0,2,10,338
Process485,433,1327,2,2,391,648
Process486,305,3633,0,-1,763,1514
Process487,276,4255,0,-1,1583,42
Process488,574,4777,2,2,1646,557
Process489,851,1457,1,1,169,116
Process490,432,1744,1,0,200,149
Process491,899,2368,2,0,869,944
Process492,791,3287,1,-1,32,346
Process493,280,3613,1,-1,943,1538
Process494,429,4974,1,2,1644,1155
Process495,459,2660,2,-1,1254,616
Process496,330,124,1,1,46,52
Process497,783,3088,0,0,1189,1103
Process498,248,500,2,1,187,132
Process499,572,2717,2,1,1021,282
Process500,18,2934,0,-1,486,1228
Process501,328,4451,2,1,1411,1120
Process502,99,3392,1,0,174,1307
Process503,848,2652,2,2,927,542
Process504,987,538,1,-1,44,110
Process505,484,3545,2,1,906,1657
Process506,108,365,2,2,30,133
Process507,150,3697,0,2,323,476
Process508,239,1850,2,-1,856,522
Process509,836,191,0,2,74,5
Process510,984,3323,0,0,47,1460
Process511,303,4465,1,1,1625,995
Process512,609,2622,0,1,735,1265
Process513,362,3295,2,-1,103,545
Process514,142,3375,1,0,144,1014
Process515,845,1558,1,0,130,91
Process516,260,3970,1,1,1338,1866
Process517,41,3580,0,-1,379,1582
Process518,172,3899,0,2,1572,978
Process519,562,512,2,1,166,250
Process520,84,4762,1,2,2076,609
Process521,451,1554,0,0,373,756
Process522,930,4296,2,2,1754,773
Process523,888,4600,1,1,716,2279
Process524,738,3628,2,2,231,945
Process525,806,4317,1,0,856,12
Process526,882,3707,1,2,1753,896
Process527,890,2118,1,2,13,192
Process528,216,412,0,1,129,141
Process529,305,2219,2,1,1056,682
Process530,707,212,0,-1,104,10
Process531,198,1130,2,-1,250,482
Process532,404,418,1,2,21,5
Process533,592,4944,2,-1,1475,1088
Process534,829,1026,1,-1,92,235
Process535,976,2779,1,-1,266,722
Process536,250,2809,1,1,1370,507
Process537,736,737,0,1,261,350
Process538,875,3611,2,2,721,108
Process539,848,1643,1,1,212,83
Process540,205,4107,2,1,771,318
Process541,290,193,0,1,84,15
Process542,117,3354,1,-1,1392,1231
Process543,742,4446,2,1,984,41
Process544,706,1589,1,1,428,87
Process545,868,4467,2,-1,1236,205
Process546,625,4406,1,0,467,2189
Process547,592,2988,0,2,985,1020
Process548,91,3969,2,0,1700,1224
Process549,353,3916,2,1,437,1802
Process550,201,4385,1,0,1818,1508
Process551,339,1977,2,-1,163,294
Process552,74,3362,2,-1,469,95
Process553,708,4635,2,0,1628,553
Process554,549,1653,0,0,10,548
Process555,277,4591,0,2,1465,2026
Process556,23,4755,2,-1,266,418
Process557,570,1577,0,2,546,630
Process558,193,389,1,2,127,157
Process559,897,2694,2,1,721,281
Process560,162,3604,2,1,394,392
Process561,70,69,2,0,26,13
Process562,56,3999,2,-1,1578,1008
Process563,82,2958,0,1,335,1315
Process564,225,1146,2,2,249,165
Process565,662,77,2,1,21,27
Process566,441,3437,1,-1,639,72
Process567,297,1021,1,0,220,157
Process568,197,1751,1,2,731,277
Process569,54,2830,2,0,730,1344
Process570,773,1443,0,-1,698,1
Process571,427,3901,2,1,521,40
Process572,697,3518,2,-1,1301,181
Process573,864,2620,2,-1,218,3
Process574,19,2900,1,2,776,1155
Process575,984,1950,2,0,454,959
Process576,388,304,1,1,100,81
Process577,352,1347,1,1,671,360
Process578,51,3958,2,0,652,1153
Process579,230,969,0,-1,429,97
Process580,809,847,0,2,148,41
Process581,164,736,2,0,8,96
Process582,710,2854,1,-1,719,163
Process583,291,1270,1,0,78,477
Process584,440,1689,0,0,62,1
Process585,118,1653,1,2,327,417
Process586,456,1423,0,-1,646,562
Process587,340,162,0,1,13,80
Process588,17,3769,0,-1,1495,350
Process589,656,3501,2,2,1543,284
Process590,104,512,2,2,252,161
Process591,812,4019,2,-1,863,1156
Process592,197,2930,0,2,822,766
Process593,663,752,0,2,58,37
Process594,405,2296,2,1,1001,269
Process595,830,4199,2,0,711,1579
Process596,666,322,1,0,32,78
Process597,62,4271,0,-1,1127,32
Process598,67,3780,2,-1,1566,9
Process599,798,4340,0,1,1147,841
Process600,691,3216,1,1,1466,437
Process601,215,2851,2,-1,841,1392
Process602,931,753,0,1,143,159
Process603,187,4672,0,2,649,778
Process604,326,4221,1,-1,1441,1827
Process605,443,310,0,-1,75,125
Process606,270,3075,1,2,1169,865
Process607,325,4309,0,-1,520,1349
Process608,171,38,2,-1,19,10
Process609,983,3651,0,2,314,1246
Process610,148,457,1,2,39,202
Process611,22,1503,0,0,501,401
Process612,827,3263,2,-1,339,81
Process613,733,4326,2,-1,1159,2151
Process614,13,2592,2,1,437,363
Process615,133,1463,2,0,424,389
Process616,59,2328,0,2,462,244
Process617,24,3259,2,-1,264,241
Process618,486,995,2,-1,19,133
Process619,906,196,1,-1,21,60
Process620,320,4443,0,2,1732,1985
Process621,602,370,2,1,168,86
Process622,414,2420,0,-1,542,669
Process623,903,938,1,1,172,329
Process624,457,3228,0,2,853,1558
Process625,123,1679,1,0,37,375
Process626,691,947,1,-1,369,266
Process627,8,751,2,0,8,162
Process628,244,2409,2,0,872,290
Process629,919,2591,2,2,914,444
Process630,831,1197,2,0,501,499
Process631,956,4465,0,-1,718,1730
Process632,180,2956,1,1,834,1198
Process633,151,3397,1,-1,1681,1072
Process634,127,2008,0,2,68,962
Process635,594,1585,2,2,727,250
Process636,128,306,1,1,22,134
Process637,648,2353,2,2,1120,206
Process638,219,4469,0,1,905,1207
Process639,306,3924,2,-1,588,1310
Process640,138,3725,0,-1,865,18
Process641,567,2215,1,-1,92,29
Process642,353,757,0,2,281,119
Process643,857,4831,2,1,2036,519
Process644,47,4183,0,1,56,1215
Process645,450,3532,2,1,440,1139
Process646,482,3063,0,1,1028,287
Process647,2,3751,1,1,507,703
Process648,76,4987,0,0,1416,1378
Process649,206,4468,2,0,1958,630
Process650,761,2992,1,0,1363,67
Process651,634,291,2,0,58,63
Process652,191,799,1,-1,197,101
Process653,335,3428,2,-1,748,1600
Process654,984,1050,1,0,270,93
Process655,271,2080,0,2,10,988
Process656,867,3394,0,2,1553,640
Process657,541,4793,0,0,2162,1082
Process658,953,4112,0,2,1229,1832
Process659,245,3315,1,1,1181,616
Process660,791,1514,0,2,645,143
Process661,676,4875,0,1,391,1884
Process662,455,2771,2,1,550,334
Process663,336,1257,0,-1,385,24
Process664,976,2917,2,0,1186,1123
Process665,587,1953,1,2,162,306
Process666,790,1308,1,0,311,615
Process667,850,4428,0,2,165,1809
Process668,231,2157,1,0,741,60
Process669,593,1541,2,1,279,296
Process670,217,1424,2,-1,340,413
Process671,178,1872,0,1,139,143
Process672,483,4091,1,1,1149,1770
Process673,923,1148,0,2,424,565
Process674,909,1189,0,2,46,513
Process675,565,4215,1,2,1460,692
Process676,980,2585,0,2,1268,800
Process677,970,3810,0,-1,883,1703
Process678,318,2486,1,2,243,144
Process679,73,1149,1,1,241,545
Process680,19,2397,1,2,11,260
Process681,441,2184,2,0,652,72
Process682,989,4317,1,1,1736,1060
Process683,584,4190,2,0,1163,1454
Process684,697,4201,1,-1,1204,1911
Process685,81,3022,1,-1,470,1024
Process686,304,177,0,2,79,24
Process687,783,1258,2,-1,388,186
Process688,774,168,0,0,38,70
Process689,190,557,2,2,141,259
Process690,683,2878,2,0,722,959
Process691,358,2669,2,0,955,1226
Process692,306,507,1,0,74,170
Process693,460,304,1,1,146,28
Process694,52,2207,1,1,387,113
Process695,829,2760,2,-1,915,732
Process696,446,3711,0,-1,1285,1456
Process697,427,1026,1,1,448,404
Process698,132,2106,0,-1,451,832
Process699,324,3700,0,-1,115,1346
Process700,291,3642,0,2,764,1135
Process701,180,2060,2,-1,61,997
Process702,498,638,1,1,295,25
Process703,790,431,2,0,210,145
Process704,592,4227,0,2,1001,209
Process705,255,4602,2,1,1267,1074
Process706,280,508,1,-1,57,144
Process707,155,4010,2,1,950,590
Process708,451,1353,0,-1,472,39
Process709,960,978,1,1,376,325
Process710,685,4644,2,0,1029,1515
Process711,829,3837,0,2,1893,1788
Process712,919,700,0,-1,230,224
Process713,800,3129,2,0,830,9
Process714,804,820,1,-1,209,74
Process715,534,2095,2,-1,524,300
Process716,814,48,2,1,24,10
Process717,304,4909,2,2,405,951
Process718,539,3593,1,2,1043,615
Process719,488,3245,2,0,600,400
Process720,170,115,2,-1,23,7
Process721,439,2612,2,0,119,430
Process722,191,1070,1,2,194,427
Process723,273,2423,0,0,810,794
Process724,505,2582,1,1,505,587
Process725,1000,4089,2,2,1534,1775
Process726,316,2227,1,2,628,522
Process727,939,1134,2,2,203,414
Process728,870,474,1,0,142,135
Process729,223,639,2,0,100,233
Process730,146,4213,0,-1,1124,1631
Process731,735,1752,1,0,21,373
Process732,468,3850,1,1,184,644
Process733,992,3403,1,2,1651,1665
Process734,47,3978,0,2,842,765
Process735,634,1868,0,2,881,917
Process736,756,3319,0,2,1450,249
Process737,772,4207,2,0,768,1307
Process738,259,3837,1,-1,1161,1550
Process739,383,1058,1,-1,240,414
Process740,432,1246,1,-1,234,160
Process741,559,4153,0,0,1305,569
Process742,892,567,1,-1,29,59
Process743,20,4619,0,-1,941,1561
Process744,299,3606,2,1,378,542
Process745,662,3541,2,0,1029,847
Process746,71,1728,1,0,234,617
Process747,146,2565,2,0,18,780
Process748,871,1624,2,0,218,500
Process749,128,3731,2,-1,235,374
Process750,479,510,0,1,227,201
Process751,686,4358,2,0,1292,617
Process752,42,593,2,0,195,60
Process753,395,1224,0,1,578,42
Process754,219,3225,1,2,1590,1166
Process755,940,4551,1,-1,435,1367
Process756,24,4294,0,1,838,1727
Process757,760,1153,0,0,67,521
Process758,906,3789,0,0,72,39
Process759,395,2877,0,1,1036,931
Process760,980,1692,2,1,151,737
Process761,75,3315,1,2,891,644
Process762,973,3305,1,1,1399,15
Process763,211,3415,0,2,282,668
Process764,54,4094,2,-1,480,2046
Process765,813,4011,1,2,695,1635
Process766,60,2320,2,1,216,362
Process767,322,2620,1,-1,687,688
Process768,747,449,0,0,45,22
Process769,157,4937,1,-1,14,1573
Process770,382,4349,2,1,1669,1582
Process771,92,1391,2,2,682,257
Process772,269,1847,2,2,825,433
Process773,465,310,2,-1,52,60
Process774,758,87,0,0,17,42
Process775,326,1388,2,-1,555,652
Process776,547,4069,0,2,1621,62
Process777,5,2597,1,0,959,624
Process778,590,3700,0,0,1211,1024
Process779,195,4218,2,2,1307,177
Process780,447,96,2,0,13,8
Process781,618,1806,2,-1,745,397
Process782,430,114,1,0,56,29
Process783,729,1381,2,1,351,457
Process784,144,2876,2,2,955,440
Process785,728,2402,0,-1,1076,1108
Process786,428,2236,1,2,633,99
Process787,277,73,1,1,27,4
Process788,941,4451,1,1,1597,1904
Process789,406,1064,2,0,160,512
Process790,242,3399,0,-1,1308,686
Process791,5,3414,1,2,476,888
Process792,456,4730,0,1,1447,891
Process793,390,3837,2,0,1666,906
Process794,617,1008,1,2,279,486
Process795,587,215,0,2,89,84
Process796,584,4888,1,-1,1680,1039
Process797,23,4194,0,0,508,712
Process798,383,462,0,2,227,44
Process799,641,768,2,1,252,213
Process800,676,1829,1,2,309,761
Process801,519,2215,0,2,1081,1004
Process802,982,4246,1,1,380,1401
Process803,256,4145,2,0,1093,644
Process804,55,2189,1,-1,78,797
Process805,857,510,0,2,81,178
Process806,947,2483,0,-1,120,628
Process807,139,3515,2,1,1216,1676
Process808,884,2764,1,1,546,513
Process809,75,4524,0,0,1011,1357
Process810,549,1201,0,2,261,462
Process811,556,2958,1,1,1035,1205
Process812,498,3121,0,1,264,1200
Process813,919,3506,0,2,39,910
Process814,942,3010,2,-1,201,801
Process815,727,4100,1,1,536,628
Process816,388,742,1,2,63,180
Process817,866,4829,2,2,226,1935
Process818,123,1749,2,0,502,724
Process819,295,2022,0,2,403,688
Process820,682,2193,0,2,497,814
Process821,827,2155,2,-1,46,806
Process822,885,2056,1,1,288,926
Process823,143,4445,2,0,2122,1646
Process824,973,4889,1,0,1574,478
Process825,960,2886,0,-1,368,148
Process826,886,1664,2,0,237,818
Process827,818,1264,2,1,303,78
Process828,276,3637,1,1,1611,370
Process829,850,4226,2,2,523,1961
Process830,721,226,2,2,91,102
Process831,214,1792,1,2,354,556
Process832,681,146,2,1,69,70
Process833,128,404,0,0,47,100
Process834,736,3628,1,1,940,1744
Process835,627,2104,0,-1,276,25
Process836,36,1252,2,2,573,365
Process837,343,1284,0,1,597,413
Process838,54,1829,0,-1,732,726
Process839,787,3198,0,0,76,1209
Process840,141,1254,0,1,233,524
Process841,179,2405,2,2,801,1199
Process842,743,4423,0,2,2151,878
Process843,58,3102,1,2,479,496
Process844,89,357,2,0,95,88
Process845,187,4531,1,1,1969,2199
Process846,563,3591,2,1,64,1175
Process847,791,305,2,1,61,73
Process848,598,4373,2,1,863,996
Process849,286,673,2,2,19,14
Process850,813,1508,0,-1,486,622
Process851,494,3953,2,-1,1824,1696
Process852,85,2293,0,1,536,123
Process853,3,1909,0,0,706,873
Process854,803,256,1,0,36,38
Process855,631,1832,2,1,37,750
Process856,972,1145,0,2,535,18
Process857,528,4506,2,2,353,1453
Process858,277,879,1,0,20,69
Process859,728,4474,2,1,1628,1216
Process860,433,977,1,1,400,326
Process861,516,2570,0,0,474,395
Process862,399,3417,0,-1,1525,84
Process863,682,2140,0,-1,677,1037
Process864,418,4105,2,2,793,1885
Process865,10,2484,1,1,677,624
Process866,289,2481,1,2,399,487
Process867,637,4788,0,2,159,1988
Process868,647,57,2,0,6,27
Process869,668,1567,2,-1,404,588
Process870,10,983,1,2,208,434
Process871,605,122,0,-1,9,28
Process872,479,37,1,0,9,13
Process873,942,1238,2,0,517,276
Process874,928,4227,0,1,346,2005
Process875,203,2428,1,0,314,627
Process876,816,2892,0,0,1221,610
Process877,747,643,1,1,44,142
Process878,316,4741,1,0,2023,2209
Process879,525,1941,1,2,111,286
Process880,641,3182,1,-1,501,417
Process881,532,1198,1,2,340,297
Process882,254,206,1,2,30,13
Process883,747,3891,2,2,1790,508
Process884,924,1789,0,2,471,271
Process885,887,1376,1,0,581,559
Process886,765,279,0,2,112,117
Process887,880,2752,0,0,324,1072
Process888,245,1877,1,0,295,696
Process889,909,1856,2,-1,636,897
Process890,450,4465,1,2,1311,2125
Process891,774,1411,1,1,596,135
Process892,339,1529,0,0,396,359
Process893,705,4639,0,1,658,1980
Process894,398,3968,2,0,122,1560
Process895,670,2458,0,0,795,819
Process896,235,2327,0,1,156,31
Process897,606,19,0,-1,3,7
Process898,463,1660,2,1,770,622
Process899,196,1476,2,2,631,23
Process900,208,2663,1,2,1269,815
Process901,79,1151,1,-1,98,28
Process902,126,4602,1,2,296,1961
Process903,981,3236,1,-1,658,574
Process904,922,470,0,2,169,126
Process905,926,3940,2,1,151,1921
Process906,113,3338,2,0,991,544
Process907,540,3416,1,-1,256,1321
Process908,291,4927,0,0,1103,209
Process909,751,2973,0,-1,405,1036
Process910,237,2993,2,-1,1480,417
Process911,665,3023,2,-1,1021,363
Process912,309,4899,1,2,1653,1218
Process913,984,2654,1,-1,552,784
Process914,829,4238,1,1,788,406
Process915,327,1323,1,1,546,28
Process916,403,979,2,-1,34,39
Process917,763,1128,0,2,508,277
Process918,841,3898,0,2,1594,1835
Process919,475,2495,2,1,274,84
Process920,231,3884,0,-1,1893,680
Process921,658,3872,1,0,29,341
Process922,403,1246,2,2,616,66
Process923,24,3766,0,1,934,1236
Process924,158,4224,2,0,1147,195
Process925,693,1449,1,1,694,713
Process926,628,1270,1,-1,281,194
Process927,361,550,1,-1,107,229
Process928,788,1104,2,-1,148,193
Process929,594,1136,2,0,22,428
Process930,672,1914,2,0,525,401
Process931,546,220,1,0,31,49
Process932,822,192,1,-1,45,18
Process933,2,3271,2,-1,24,241
Process934,742,2396,1,0,792,433
Process935,601,272,2,-1,38,86
Process936,894,4542,1,-1,537,1253
Process937,896,2657,2,2,798,1158
Process938,226,959,2,2,40,388
Process939,529,1224,2,0,483,510
Process940,8,4710,0,-1,1493,438
Process941,130,72,2,1,22,6
Process942,820,3964,0,-1,1968,729
Process943,562,2532,0,0,1078,377
Process944,485,1975,2,-1,448,503
Process945,959,3668,0,-1,1763,823
Process946,928,1745,0,0,148,333
Process947,168,3150,2,0,1399,1359
Process948,866,4659,1,-1,1526,78
Process949,924,1940,2,1,622,54
Process950,24,3819,2,1,1501,165
Process951,186,3718,2,-1,1827,257
Process952,741,2367,2,-1,668,873
Process953,304,1446,2,2,69,424
Process954,40,1197,2,1,504,31
Process955,538,2814,1,0,190,120
Process956,297,218,0,0,49,71
Process957,845,3590,1,1,814,103
Process958,826,113,2,-1,42,37
Process959,679,776,1,0,111,26
Process960,82,4447,2,-1,958,1132
Process961,479,353,2,2,3,134
Process962,304,982,2,2,257,392
Process963,348,270,1,0,1,87
Process964,194,1148,0,2,191,398
Process965,502,4679,1,0,308,1936
Process966,967,2394,2,0,72,518
Process967,751,1489,0,0,537,380
Process968,727,723,0,-1,359,187
Process969,125,1225,0,2,334,251
Process970,426,4706,1,1,1136,88
Process971,940,565,1,1,167,154
Process972,59,3924,0,0,310,387
Process973,374,3835,1,1,1908,1757
Process974,495,2043,0,1,334,83
Process975,685,4464,2,0,255,1502
Process976,452,2057,0,2,684,353
Process977,461,3398,2,2,295,249
Process978,362,2292,0,2,738,300
Process979,173,4689,2,2,340,1127
Process980,376,4015,2,0,38,1929
Process981,147,3927,2,-1,1063,842
Process982,877,927,1,-1,250,212
Process983,794,2863,1,0,1030,1217
Process984,410,4315,1,-1,1320,691
Process985,719,3390,1,-1,932,1057
Process986,113,3998,2,0,845,709
Process987,487,1327,0,0,122,319
Process988,621,401,2,2,95,83
Process989,806,303,0,-1,44,99
Process990,599,1741,1,2,804,406
Process991,229,2737,0,0,1000,671
Process992,658,1677,2,2,448,71
Process993,261,2567,1,-1,925,444
Process994,587,691,1,-1,148,143
Process995,701,325,1,1,105,47
Process996,460,4080,2,2,251,475
Process997,222,2299,1,1,817,675
Process998,695,3942,0,-1,1232,569
Process999,881,4585,1,2,1322,843
Process1000,943,4773,1,2,1138,2304
